/*
 Navicat Premium Data Transfer

 Source Server         : TencentRemote_Saxon
 Source Server Type    : MySQL
 Source Server Version : 50718
 Source Host           : cdb-515vasvh.gz.tencentcdb.com:10054
 Source Schema         : daffodil

 Target Server Type    : MySQL
 Target Server Version : 50718
 File Encoding         : 65001

 Date: 24/07/2021 13:34:38
*/

SET NAMES utf8mb4;
SET FOREIGN_KEY_CHECKS = 0;

-- ----------------------------
-- Table structure for alembic_version
-- ----------------------------
DROP TABLE IF EXISTS `alembic_version`;
CREATE TABLE `alembic_version`  (
  `version_num` varchar(32) CHARACTER SET utf8 COLLATE utf8_general_ci NOT NULL,
  PRIMARY KEY (`version_num`) USING BTREE
) ENGINE = InnoDB CHARACTER SET = utf8 COLLATE = utf8_general_ci ROW_FORMAT = Dynamic;

-- ----------------------------
-- Records of alembic_version
-- ----------------------------
INSERT INTO `alembic_version` VALUES ('a22fc74f107c');

-- ----------------------------
-- Table structure for assessment
-- ----------------------------
DROP TABLE IF EXISTS `assessment`;
CREATE TABLE `assessment`  (
  `course_code` varchar(20) CHARACTER SET utf8 COLLATE utf8_general_ci NOT NULL,
  `method` varchar(50) CHARACTER SET utf8 COLLATE utf8_general_ci NOT NULL,
  `percentage` float NULL DEFAULT NULL,
  `cilostr` varchar(20) CHARACTER SET utf8 COLLATE utf8_general_ci NULL DEFAULT NULL,
  `year` varchar(5) CHARACTER SET utf8 COLLATE utf8_general_ci NOT NULL,
  PRIMARY KEY (`course_code`, `method`, `year`) USING BTREE,
  CONSTRAINT `assessment_ibfk_1` FOREIGN KEY (`course_code`) REFERENCES `courses` (`course_code`) ON DELETE RESTRICT ON UPDATE RESTRICT
) ENGINE = InnoDB CHARACTER SET = utf8 COLLATE = utf8_general_ci ROW_FORMAT = Dynamic;

-- ----------------------------
-- Records of assessment
-- ----------------------------
INSERT INTO `assessment` VALUES ('CS001', 'assignment', 0.4, '1-2', '2011');
INSERT INTO `assessment` VALUES ('CS001', 'final', 0.4, '1-2', '2011');
INSERT INTO `assessment` VALUES ('CS001', 'quiz', 0.2, '1-2', '2011');
INSERT INTO `assessment` VALUES ('CS002', 'final', 0.4, '1-2', '2012');
INSERT INTO `assessment` VALUES ('CS002', 'lab', 0.2, '1-2', '2012');
INSERT INTO `assessment` VALUES ('CS002', 'project', 0.2, '1-2', '2012');
INSERT INTO `assessment` VALUES ('CS002', 'quiz', 0.2, '1', '2012');
INSERT INTO `assessment` VALUES ('CS003', 'final', 0.5, '1-2', '2012');
INSERT INTO `assessment` VALUES ('CS003', 'lab', 0.3, '1', '2012');
INSERT INTO `assessment` VALUES ('CS003', 'project', 0.2, '1-2', '2012');
INSERT INTO `assessment` VALUES ('CS102', 'lab', 0.5, '1-2', '2010');
INSERT INTO `assessment` VALUES ('CS102', 'project', 0.2, '1-2', '2010');
INSERT INTO `assessment` VALUES ('CS102', 'quiz', 0.3, '1-2-3', '2010');
INSERT INTO `assessment` VALUES ('CS103', 'lab', 0.3, '1-2', '2012');
INSERT INTO `assessment` VALUES ('CS103', 'pre', 0.2, '1-2', '2022');
INSERT INTO `assessment` VALUES ('CS103', 'project', 0.5, '1-2-3', '2022');
INSERT INTO `assessment` VALUES ('CS104', 'document', 0.5, '2', '2023');
INSERT INTO `assessment` VALUES ('CS104', 'project', 0.5, '1-2-3', '2023');
INSERT INTO `assessment` VALUES ('CS201', 'assignment', 0.4, '1-2-3', '2022');
INSERT INTO `assessment` VALUES ('CS201', 'final', 0.6, '1-2-3', '2022');
INSERT INTO `assessment` VALUES ('ENG001', 'final', 0.5, '1-2-3', '2021');
INSERT INTO `assessment` VALUES ('ENG001', 'quiz', 0.3, '2', '2021');
INSERT INTO `assessment` VALUES ('ENG001', 'writing assignment', 0.2, '1', '2021');
INSERT INTO `assessment` VALUES ('ENG002', 'assignment', 0.3, '1', '2022');
INSERT INTO `assessment` VALUES ('ENG002', 'final', 0.4, '1-2-3', '2022');
INSERT INTO `assessment` VALUES ('ENG002', 'quiz', 0.3, '1-2', '2022');
INSERT INTO `assessment` VALUES ('ENG003', 'discussion', 0.2, '3', '2022');
INSERT INTO `assessment` VALUES ('ENG003', 'final', 0.5, '1-2-3', '2022');
INSERT INTO `assessment` VALUES ('ENG003', 'quiz', 0.1, '1-2', '2022');
INSERT INTO `assessment` VALUES ('ENG003', 'writing', 0.2, '1-2', '2022');
INSERT INTO `assessment` VALUES ('FE001', 'assignment', 0.5, '1-2', '2021');
INSERT INTO `assessment` VALUES ('FE001', 'final', 0.4, '1-2', '2021');
INSERT INTO `assessment` VALUES ('FE001', 'midterm', 0.1, '1-2', '2021');
INSERT INTO `assessment` VALUES ('FE002', 'assignment', 0.3, '1', '2022');
INSERT INTO `assessment` VALUES ('FE002', 'attendance', 0.05, '1', '2022');
INSERT INTO `assessment` VALUES ('FE002', 'final', 0.5, '1-2', '2022');
INSERT INTO `assessment` VALUES ('FE002', 'midterm', 0.15, '1-2', '2022');

-- ----------------------------
-- Table structure for cilos
-- ----------------------------
DROP TABLE IF EXISTS `cilos`;
CREATE TABLE `cilos`  (
  `course_code` varchar(20) CHARACTER SET utf8 COLLATE utf8_general_ci NOT NULL,
  `index` int(11) NOT NULL,
  `content` text CHARACTER SET utf8 COLLATE utf8_general_ci NULL,
  `avg_score` float NULL DEFAULT NULL,
  PRIMARY KEY (`course_code`, `index`) USING BTREE,
  CONSTRAINT `cilos_ibfk_1` FOREIGN KEY (`course_code`) REFERENCES `courses` (`course_code`) ON DELETE RESTRICT ON UPDATE RESTRICT
) ENGINE = InnoDB CHARACTER SET = utf8 COLLATE = utf8_general_ci ROW_FORMAT = Dynamic;

-- ----------------------------
-- Records of cilos
-- ----------------------------
INSERT INTO `cilos` VALUES ('CS001', 1, 'math', NULL);
INSERT INTO `cilos` VALUES ('CS001', 2, 'logic', NULL);
INSERT INTO `cilos` VALUES ('CS002', 1, 'understanding', NULL);
INSERT INTO `cilos` VALUES ('CS002', 2, 'application', NULL);
INSERT INTO `cilos` VALUES ('CS003', 1, 'understanding', NULL);
INSERT INTO `cilos` VALUES ('CS003', 2, 'application', NULL);
INSERT INTO `cilos` VALUES ('CS102', 1, 'c programming', NULL);
INSERT INTO `cilos` VALUES ('CS102', 2, 'html', NULL);
INSERT INTO `cilos` VALUES ('CS102', 3, 'css', NULL);
INSERT INTO `cilos` VALUES ('CS103', 1, 'programming', NULL);
INSERT INTO `cilos` VALUES ('CS103', 2, 'html', NULL);
INSERT INTO `cilos` VALUES ('CS103', 3, 'python', NULL);
INSERT INTO `cilos` VALUES ('CS104', 1, 'document writing', NULL);
INSERT INTO `cilos` VALUES ('CS104', 2, 'programming', NULL);
INSERT INTO `cilos` VALUES ('CS104', 3, 'database', NULL);
INSERT INTO `cilos` VALUES ('CS201', 1, 'basic info', NULL);
INSERT INTO `cilos` VALUES ('CS201', 2, 'logic', NULL);
INSERT INTO `cilos` VALUES ('CS201', 3, 'programming', NULL);
INSERT INTO `cilos` VALUES ('ENG001', 1, 'Write', NULL);
INSERT INTO `cilos` VALUES ('ENG001', 2, 'Speak', NULL);
INSERT INTO `cilos` VALUES ('ENG001', 3, 'Listen', NULL);
INSERT INTO `cilos` VALUES ('ENG002', 1, 'Write', NULL);
INSERT INTO `cilos` VALUES ('ENG002', 2, 'Speak', NULL);
INSERT INTO `cilos` VALUES ('ENG002', 3, 'Listen', NULL);
INSERT INTO `cilos` VALUES ('ENG003', 1, 'Write', NULL);
INSERT INTO `cilos` VALUES ('ENG003', 2, 'Listen', NULL);
INSERT INTO `cilos` VALUES ('ENG003', 3, 'Speak', NULL);
INSERT INTO `cilos` VALUES ('FE001', 1, 'introduction to physics', NULL);
INSERT INTO `cilos` VALUES ('FE001', 2, 'understanding', NULL);
INSERT INTO `cilos` VALUES ('FE002', 1, 'basic info', NULL);
INSERT INTO `cilos` VALUES ('FE002', 2, 'prepare income statement', NULL);

-- ----------------------------
-- Table structure for courses
-- ----------------------------
DROP TABLE IF EXISTS `courses`;
CREATE TABLE `courses`  (
  `course_code` varchar(20) CHARACTER SET utf8 COLLATE utf8_general_ci NOT NULL,
  `course_name` varchar(100) CHARACTER SET utf8 COLLATE utf8_general_ci NOT NULL,
  `course_type` varchar(20) CHARACTER SET utf8 COLLATE utf8_general_ci NULL DEFAULT NULL,
  `department` varchar(50) CHARACTER SET utf8 COLLATE utf8_general_ci NULL DEFAULT NULL,
  `unit` int(11) NULL DEFAULT NULL,
  `year` varchar(5) CHARACTER SET utf8 COLLATE utf8_general_ci NULL DEFAULT NULL,
  PRIMARY KEY (`course_code`) USING BTREE,
  UNIQUE INDEX `course_name`(`course_name`) USING BTREE
) ENGINE = InnoDB CHARACTER SET = utf8 COLLATE = utf8_general_ci ROW_FORMAT = Dynamic;

-- ----------------------------
-- Records of courses
-- ----------------------------
INSERT INTO `courses` VALUES ('CS001', 'Discrete Structure', 'MR', 'CST', 3, '2011');
INSERT INTO `courses` VALUES ('CS002', 'Structure Programming', 'MR', 'CST', 3, '2012');
INSERT INTO `courses` VALUES ('CS003', 'Java', 'MR', 'CST', 3, '2012');
INSERT INTO `courses` VALUES ('CS102', 'Workshop I', 'MR', 'CST', 1, '2010');
INSERT INTO `courses` VALUES ('CS103', 'Workshop II', 'MR', 'CST', 1, '2012');
INSERT INTO `courses` VALUES ('CS104', 'Workshop III', 'MR', 'CST', 1, '2013');
INSERT INTO `courses` VALUES ('CS201', 'Database', 'MR', 'CST', 3, '2012');
INSERT INTO `courses` VALUES ('ENG001', 'English I', 'MR', 'CST', 3, '2011');
INSERT INTO `courses` VALUES ('ENG002', 'English II', 'MR', 'CST', 3, '2012');
INSERT INTO `courses` VALUES ('ENG003', 'English III', 'MR', 'CST', 3, '2012');
INSERT INTO `courses` VALUES ('FE001', 'Physics', 'FE', 'FM', 3, '2011');
INSERT INTO `courses` VALUES ('FE002', 'Accounting', 'FE', 'ACCT', 3, '2012');

-- ----------------------------
-- Table structure for file
-- ----------------------------
DROP TABLE IF EXISTS `file`;
CREATE TABLE `file`  (
  `name` varchar(100) CHARACTER SET utf8 COLLATE utf8_general_ci NOT NULL,
  `content` blob NULL,
  PRIMARY KEY (`name`) USING BTREE,
  UNIQUE INDEX `name`(`name`) USING BTREE
) ENGINE = InnoDB CHARACTER SET = utf8 COLLATE = utf8_general_ci ROW_FORMAT = Dynamic;

-- ----------------------------
-- Records of file
-- ----------------------------
INSERT INTO `file` VALUES ('Assessment_template.xlsx', 0x504B030414000600080000002100413782CF6E01000004050000130008025B436F6E74656E745F54797065735D2E786D6C20A2040228A000020000000000000000000000000000000000000000000000000000000000000000000000000000000000000000000000000000000000000000000000000000000000000000000000000000000000000000000000000000000000000000000000000000000000000000000000000000000000000000000000000000000000000000000000000000000000000000000000000000000000000000000000000000000000000000000000000000000000000000000000000000000000000000000000000000000000000000000000000000000000000000000000000000000000000000000000000000000000000000000000000000000000000000000000000000000000000000000000000000000000000000000000000000000000000000000000000000000000000000000000000000000000000000000000000000000000000000000000000000000000000000000000000000000000000000000000000000000000000000000000000000000000000000000000000000000000000000000000000000000000000000000000000000000000000000000000000000000000000000000000000000000000000000000000000000000000000000000000000000000000000000000000000000000000000000000000000000000000000000000000000000000000000000000000000000000000000000000000000000000000000000AC54C96EC23010BD57EA3F44BE5689A187AAAA081CBA1C5B24E8079878925824B6E51928FC7D27665155B108C125516CCF5B26F33C18ADDA26594240E36C2EFA594F24600BA78DAD72F13DFD489F4582A4AC568DB3908B35A0180DEFEF06D3B5074CB8DA622E6A22FF22251635B40A33E7C1F24EE942AB883F4325BD2AE6AA02F9D8EB3DC9C259024B29751862387883522D1A4ADE57BCBC5132335624AF9B731D552E94F78D2914B150B9B4FA1F49EACAD214A05DB168193A431F4069AC01A86D321F0C33860910B13114F2206780062F23DDBACAB8320AC3DA787C60EB4718BA9DE3AEB6755FFC3B82D1908C55A04FD5B277B96AE48F0BF39973F3EC34C8A5AD892DCA5A65EC4EF709FE7818657CF56F2CA4F31781CFE8209E3190F179BD840873861069DD00DEBAED11F41C73AD02E809F1F4563717F017FB940E8ED438388F9CDA009777611791AE3AF50C04810CEC437268D8F68C1CF9ABDB0EDD9DA2411FE096F10E1BFE020000FFFF0300504B030414000600080000002100B5553023F40000004C0200000B0008025F72656C732F2E72656C7320A2040228A000020000000000000000000000000000000000000000000000000000000000000000000000000000000000000000000000000000000000000000000000000000000000000000000000000000000000000000000000000000000000000000000000000000000000000000000000000000000000000000000000000000000000000000000000000000000000000000000000000000000000000000000000000000000000000000000000000000000000000000000000000000000000000000000000000000000000000000000000000000000000000000000000000000000000000000000000000000000000000000000000000000000000000000000000000000000000000000000000000000000000000000000000000000000000000000000000000000000000000000000000000000000000000000000000000000000000000000000000000000000000000000000000000000000000000000000000000000000000000000000000000000000000000000000000000000000000000000000000000000000000000000000000000000000000000000000000000000000000000000000000000000000000000000000000000000000000000000000000000000000000000000000000000000000000000000000000000000000000000000000000000000000000000000000000000000000000000000000000000000000000000000AC924D4FC3300C86EF48FC87C8F7D5DD9010424B774148BB21547E8049DC0FB58DA3241BDDBF271C10541A8303477FBD7EFCCADBDD3C8DEAC821F6E234AC8B12143B23B677AD8697FA7175072A2672964671ACE1C41176D5F5D5F699474A792876BD8F2AABB8A8A14BC9DF2346D3F144B110CF2E571A0913A51C86163D99815AC64D59DE62F8AE01D54253EDAD86B0B737A0EA93CF9B7FD796A6E90D3F88394CECD29915C8736267D9AE7CC86C21F5F91A5553683969B0629E723A22795F646CC0F3449BBF13FD7C2D4E9CC852223412F832CF47C725A0F57F5AB434F1CB9D79C43709C3ABC8F0C9828B1FA8DE010000FFFF0300504B030414000600080000002100A94E615AD8020000B40600000F000000786C2F776F726B626F6F6B2E786D6CAC55DB6EA330107D5F69FF01F99D62734B824AAA34176DA5DD55D4EB4BA4CA01275801CCDA4E93AAEABFEF1842D2342FDD76516263068ECF99390CE717DB22B79E98545C943122671859AC4C44CACB658CEE6E277617594AD332A5B928598C9E994217FDEFDFCE3742AEE642AC2C0028558C32ADABC8715492B182AA3351B112220B210BAA6129978EAA24A3A9CA18D345EEB818874E4179891A84487E04432C163C612391AC0B56EA0644B29C6AA0AF325EA916AD483E025750B95A5776228A0A20E63CE7FAB9064556914457CB52483ACF41F69604D656C22F843FC130B8ED4E103AD9AAE089144A2CF419403B0DE913FD043B841CA5607B9A838F21F98E644FDCD470CF4A869F6415EEB1C20318C15F462360ADDA2B1124EF9368C19E9B8BFAE70B9EB3FBC6BA16ADAADFB43095CA919553A5C729D72C8D51079662C30E1740955C57976B9E43D4F57A6E0F39FDBD9DA7121650FB41AE992CA96643516AB0DA8EFA576D55630F330126B6AED99F35970CDE1DB010C8819126119DAB29D599B596798C86D1EC4E81C259D9F5309E8D985A6951CDDE588F9EFAFC1FCC4713A3DD01BD0DA7E6FCBD76A026A3D660532D2D38BF1AFD8424DFD02748391436DDBD91579053E23D96898CC8E3CBB03320437748EC608243DBF73D6C7743CFB77B8330980CC29E1BBADD571023C3281174ADB35D350D748C7CE3BFF7A15F74DB46088ED63C3DD078C1BBC336F3BBA18DBD1AC1A66FDD73B65187BA9BA5B57DE0652A3631B20986BEF77CBCDCD4C1079EEACC18C70D805F73ED07E3CB0C181337E8D4A45DC32C46478C460DA3091CB6198E18396F28D51D12A8D5B355D6AEBE315D93402B36739D64707164F6905729A98BD83E96D03C994ACB4CF58DA1DB239EB9836DF54FA5EB19DCC5811EF1F1A0837BBE8DC75E60FBDD9E6B777DCFB587FEC81D079DF1687C1998FA980E1FFD8F3E579B3C6A3F1D866546A5BE953459C107E79A2D2EA902433582802FF8B165EDB44FF5FF020000FFFF0300504B030414000600080000002100813E9497F3000000BA0200001A000801786C2F5F72656C732F776F726B626F6F6B2E786D6C2E72656C7320A2040128A0000100000000000000000000000000000000000000000000000000000000000000000000000000000000000000000000000000000000000000000000000000000000000000000000000000000000000000000000000000000000000000000000000000000000000000000000000000000000000000000000000000000000000000000000000000000000000000000000000000000000000000000000000000000000000000000000000000000000000000000000000000000000000000000000000000000000000000000000000000000000000000000000000000000000000000000000000000000000000000000000000000000000000000000000000000000000AC524D4BC43010BD0BFE8730779B761511D9742F22EC55EB0F08C9B429DB2621337EF4DF1B2ABA5D58D64B2F036F8679EFCDC776F7350EE20313F5C12BA88A12047A136CEF3B056FCDF3CD030862EDAD1E8247051312ECEAEBABED0B0E9A7313B93E92C82C9E1438E6F828251987A3A62244F4B9D286346ACE3075326A73D01DCA4D59DECBB4E480FA8453ECAD82B4B7B7209A2966E5FFB943DBF6069F82791FD1F31909493C0D7900D1E8D4212BF8C145F608F2BCFC664D79CE6BC1A3FA0CE51CAB4B1EAA353D7C86742087C8471F7F299273E5A299BB55EFE17442FBCA29BFDBF22CCBF4EF66E4C9C7D5DF000000FFFF0300504B0304140006000800000021004AAB2C6216040000D210000018000000786C2F776F726B7368656574732F7368656574312E786D6C9C585D6FE238147D1F69FF43E4F7129C524A116134A5AAB60F2B8D6676679E4D62C06A12676D03AD56FBDFE7DACE874D8A144F4543B83EBEE75CE7E610B3FAFC5616D1890AC97895223C99A2885619CF59B54FD13F7F3FDF2C502415A97252F08AA6E89D4AF479FDC7A7D5998B5779A0544590A192293A28552FE35866075A1239E135AD6064C74549147C14FB58D68292DC4C2A8B38994EE7714958856C86A5189383EF762CA34F3C3B96B4523689A00551A05F1E582DDB6C6536265D49C4EBB1BEC97859438A2D2B987A3749515466CB977DC505D91650F71B9E912C7A13F04AE0FFB6A531F10153C932C125DFA909648EADE661F90FF1434CB22ED3B0FE5169F02C16F4C4F405EC5325BF2709DF75B9923ED9ED6F269B77C9F47289E591E529FA6FDAFCDDC03BD687697F68C7FE47EB55CEE00AEBAA22417729FA82979B6481E2F5CA34D00F46CFD2398F14D97EA705CD1405128C22DD9F5BCE5F35F005425348290D40A724996227BAA14591A2977B68F17F0D099C0241DC31B8E72DDBB3E9E8AF22CAE98E1C0BF58D9FFFA46C7F50403B9BCCA052DD2ACBFCFD89CA0C7A14A827B73A6DC60BC801C7A864FA5E8316236F562BCBD501CEEE268BC5FC1E2FEEEF50B4A5523D339D1445D9512A5EFE6C504D2E9B0556D66481F773333E9F246352C4568FA9F58928B25E097E8EA0098150D644DFD278A92FDC47E5401D1AFA05B02051C2DA9ED6D3557C8205CB9AB147770CFB631B772CE9C66250D0C980061C2D43638DF04ECCED85188B48ACD0C9A59C76BE2EA31FF3E4C04A8C96A3B1BE9CD9851C8BB82667387FF1F11A41B78D16A5B1BEA8BB0B5116D18ABA90BC19CE9F7F2C0A9A77B4288DF545DD5F88B2886BA286F31F3E16350F10A5B15A94BE6775973FDA40D205360EC26B12ED24636F1D8DF5586CC06171101E8BFE4A1ECBA2B11E8B0D382C0EC263790860D1588FC5061C1607E1B16078E018EF361AECF198E92972889A88B97A3E5390AF69B0CF64232E9383F19942AC0BB7DED3755B1371991C8CCF14E24AB8B5959EA9B5A136B271313E5388D5E0D62B7AA6D65B7A2607E33385F8076E0DA0676A0DA36772303E538829E0812B3411F73A5DF3051C620C06ECF7DEC01A5C8C5F538839E0813B3411B7A66BFE80430CC280FD9A0616E162FC2781108F48061ED1449C9A5C8CCF14E211C9C0239A88CB74CD2392A0C79B814798E99EEF3591A1EF25211E61C0DE756A226E4D8E8FF8AB17E211C9C0239A88CB74CD2392108F3060BFA68147B818BFA6108F48061ED144DC9AAE794412E21106ECD734F00817E3D714E0118FB0E7D2DF84A6029BC56E8FEC96A1267BFA17117B56C9A8A03BB3D90121C2EE87A6133857BCD65B20B3A7E10AF631EDA703FC1840E1F14A6F8FA21DE7AAFD00CEADF37EA7EA58475C30D84499FD7D8A6A2E94204C01C3526F26C54B6E1BBEFB3562FD0B0000FFFF0300504B030414000600080000002100753E9969930600008C1A000013000000786C2F7468656D652F7468656D65312E786D6CEC595B8BDB46147E2FF43F08BD3BBE49B2BDC41B6CD94EDAEC2621EBA4E4716C8FADC98E344633DE8D0981923CF5A550484B5F0A7DEB43290D34D0D097FE98858436FD113D3392AD99F5389BCBA6B4256B58A4D177CE7C73CED137175DBC742FA6CE114E396149DBAD5EA8B80E4EC66C429259DBBD351C949AAEC3054A2688B204B7DD25E6EEA5DD8F3FBA8876448463EC807DC27750DB8D8498EF94CB7C0CCD885F60739CC0B3294B6324E0369D9527293A06BF312DD72A95A01C2392B84E8262707B7D3A2563EC0CA54B7777E5BC4FE136115C368C697A205D63C3426127875589E04B1ED2D43942B4ED423F13763CC4F784EB50C4053C68BB15F5E796772F96D14E6E44C5165BCD6EA0FE72BBDC607258537DA6B3D1BA53CFF3BDA0B3F6AF00546CE2FA8D7ED00FD6FE14008DC730D28C8BEED3EFB6BA3D3FC76AA0ECD2E2BBD7E8D5AB065EF35FDFE0DCF1E5CFC02B50E6DFDBC00F062144D1C02B5086F72D3169D442CFC02B50860F36F08D4AA7E7350CBC02459424871BE88A1FD4C3D568D79029A357ACF096EF0D1AB5DC7981826A585797EC62CA12B1ADD6627497A5030048204582248E58CEF1148DA18A4344C92825CE1E994550787394300ECD955A6550A9C37FF9F3D4958A08DAC148B396BC8009DF68927C1C3E4EC95CB4DD4FC1ABAB419E3F7B76F2F0E9C9C35F4F1E3D3A79F873DEB77265D85D41C94CB77BF9C3577F7DF7B9F3E72FDFBF7CFC75D6F5693CD7F12F7EFAE2C56FBFBFCA3D8CB808C5F36F9EBC78FAE4F9B75FFEF1E3638BF74E8A463A7C4862CC9D6BF8D8B9C96218A0853F1EA56F66318C10312C5004BE2DAEFB223280D79688DA705D6C86F0760A2A63035E5EDC35B81E44E942104BCF57A3D800EE3346BB2CB506E0AAEC4B8BF07091CCEC9DA70B1D7713A1235BDF214A8C04F71773905762731946D8A07983A244A0194EB070E4337688B16574770831E2BA4FC629E36C2A9C3BC4E922620DC9908C8C422A8CAE9018F2B2B41184541BB1D9BFED7419B58DBA878F4C24BC16885AC80F3135C278192D048A6D2E8728A67AC0F790886C240F96E958C7F5B9804CCF30654E7F8239B7D95C4F61BC5AD2AF82C2D8D3BE4F97B1894C0539B4F9DC438CE9C81E3B0C2314CFAD9C4912E9D84FF8219428726E306183EF33F30D91F79007946C4DF76D828D749F2D04B7405C754A4581C8278BD492CBCB9899EFE3924E11562A03DA6F487A4C9233F5FD94B2FBFF8CB2DB35FA1C34DDEEF85DD4BC9312EB3B75E594866FC3FD0795BB8716C90D0C2FCBE6CCF541B83F08B7FBBF17EE6DEFF2F9CB75A1D020DEC55A5DADDCE3AD0BF729A1F4402C29DEE36AEDCE615E9A0CA0516D2AD4CE72BD919B4770996F130CDC2C45CAC64999F88C88E820427358E057D53674C673D733EECC198775BF6A561B627CCAB7DA3D2CE27D36C9F6ABD5AADC9B66E2C19128DA2BFEBA1DF61A2243078D620FB676AF76B533B5575E1190B66F4242EBCC2451B79068AC1A210BAF22A146762E2C5A16164DE97E95AA5516D7A1006AEBACC0C2C981E556DBF5BDEC1C00B65488E289CC537624B0CAAE4CCEB9667A5B30A95E01B08A58554091E996E4BA7578727459A9BD46A60D125AB99924B4328CD004E7D5A91F9C9C67AE5B454A0D7A3214ABB7A1A0D168BE8F5C4B1139A50D34D1958226CE71DB0DEA3E9C8D8DD1BCED4E61DF0F97F11C6A87CB052FA233383C1B8B347BE1DF4659E629173DC4A32CE04A7432358889C0A94349DC76E5F0D7D54013A5218A5BB50682F0AF25D70259F9B79183A49B49C6D3291E0B3DED5A8B8C74760B0A9F6985F5A9327F7BB0B4640B48F741343976467491DE4450627EA32A0338211C8E7FAA59342704CE33D74256D4DFA98929975DFD4051D550D68EE83C42F98CA28B79065722BAA6A3EED631D0EEF23143403743389AC909F69D67DDB3A76A19394D348B39D35015396BDAC5F4FD4DF21AAB6212355865D2ADB60DBCD0BAD64AEBA050ADB3C419B3EE6B4C081AB5A233839A64BC29C352B3F35693DA392E08B448045BE2B69E23AC9178DB991FEC4E57AD9C2056EB4A55F8EAC387FE6D828DEE8278F4E01478410557A9842F0F2982455F768E9CC906BC22F744BE46842B679192B67BBFE277BCB0E687A54AD3EF97BCBA572935FD4EBDD4F1FD7AB5EF572BBD6EED014C2C228AAB7EF6D16500075174997F7A51ED1B9F5FE2D559DB85318BCB4C7D5E292BE2EAF34BB5B6FDF38B434074EE07B541ABDEEA06A556BD332879BD6EB3D40A836EA917848DDEA017FACDD6E081EB1C29B0D7A9875ED06F96826A1896BCA022E9375BA58657AB75BC46A7D9F73A0FF2650C8C3C938F3C16105EC56BF76F000000FFFF0300504B0304140006000800000021001D098D7B15030000150800000D000000786C2F7374796C65732E786D6CBC555B8F9B3C107DFFA4FE07CBEFAC810DF99208A89ACD22556AAB95762BF5D50193B5EA0B32CE96B4EA7FEFD840607BEF56EA4B628F3DE373CE5C489F7752A007665AAE5586A38B1023A64A5D7175C8F0DBBB225861D45AAA2A2AB462193EB1163FCF9FFD97B6F624D8ED3D63164108D566F8DEDA6643485BDE3349DB0BDD300527B536925AD89A03691BC368D53A2729481C864B222957B88FB091E5EF0491D4BC3F3641A965432DDF73C1EDC9C7C248969B9707A50DDD0B80DA450B5AA22E5A9A1875667CC45BBF7947F2D2E856D7F602E2125DD7BC64DFC25D9335A1E51409223F2D529490307EC4BD334F8CB420863D70973E9CA7B556B645A53E2A9BE118803A0936EF95FEA00A7704191E6EE569FB113D50019608933C2DB5D00659481D28E72D8A4AD6DFB8A282EF0D77D76A2AB938F5E6D8197CB6877B9283F6CE481C8E1ECDBF78C73FD7C27B5C8819FBDE90A75026961955C0291AD677A706682AA8E81E2E1CFDF2F6C1D05314273307E21FCCD3BD361574D0A8BB93B837E5A960B505410C3FDCBB7FAB1BF8DD6B6BA1CAF2B4E2F4A015154EB2D16358009D920971EBBAEC5DFD88555723759485B42FAB0C43BF3AB1C7251019967DBC7E03F11F39AD27A70896DF7742B469C4C9958D7FA5DFC1D569B7F5BCA7FD0BC10F4AB2B9C38DD19695D60F97D04B3767D5739CD1BB04E9FE9C1EEAEAEFF35CCC883AA17E407474EF19BF39CA3D33851F5B432BFC48BC5FC60475672AFAB6224E00A03CCBEFA3EC9EF541AE0133FCC60111D0CA0347B43F7261B93A33FEDAE186991272307A008499475FBE67174051755375F90C59373D7DDD9D7101CF8AD5F428ECDDF930C3D3FA35ABF851C2BC196EDDF0076D7D880C4FEB57AE09A2A5AB02D6D9572D4C08F84747C333FCE97AFBFF7A775DC4C12ADCAE82C5254B8275B2DD05C9E26ABBDB15EB300EAF3ECF66F85F4C70FFC9813A8B169B56C09C3703D901FCED64CBF06CD3C3F7350CB0E7D8D7F1327C914461505C8651B058D255B05A5E26419144F16EB9D85E274532C39E3C71D287248AFA6F86039F6C2C974C7035E66ACCD0DC0A4982ED4F4890311364FA9EE75F000000FFFF0300504B030414000600080000002100B966F778E40000008F01000014000000786C2F736861726564537472696E67732E786D6C6C90514BC4300CC7DF05BF43E9FBAEBB1344A4EB21C303E1501F149FE316B7CA9ACE2693F3DBDB5310A93EE6F74BF227B1DB4398D43B26F6911ABD5ED55A2175B1F73434FAF161575D68C502D4C314091BFD81ACB7EEF4C4328BCAB3C48D1E45E64B63B81B3100AFE28C94CD4B4C01249769303C27849E47440993D9D4F5B909E049AB2E2E243937C72EE4DF166C7F80B3EC9D1577C58CCC0149D42D04B4469C3547F5AD9FD00FA394B48D2921CF5F77A8F6667F5736ECE1B94439C80F740C2ACD7D8AAFD8FDC16765DFCE134CEAFA00A134EB6AF30FAA7E6D30F9A1EE130000FFFF0300504B0304140006000800000021003B6D324BC10000004201000023000000786C2F776F726B7368656574732F5F72656C732F7368656574312E786D6C2E72656C73848FC18AC2301445F703FE43787B93D6850C43533722B855E70362FADA06DB9790F714FD7BB31C65C0E5E570CFE5369BFB3CA91B660E912CD4BA0285E4631768B0F07BDA2DBF41B138EADC14092D3C9061D32EBE9A034E4E4A89C79058150BB1855124FD18C37EC4D9B18E09A9903EE6D949897930C9F98B1BD0ACAA6A6DF25F07B42F4EB5EF2CE47D57833A3D5259FEEC8E7D1F3C6EA3BFCE48F2CF84493990603EA24839C845EDF2806241EB77F69E6B7D0E04A66DCCCBF3F6090000FFFF0300504B030414000600080000002100CFE047B4C20100002C15000027000000786C2F7072696E74657253657474696E67732F7072696E74657253657474696E6773312E62696EEC54CD4ADC50183D33B1EDE8A60E14DC7451A42B71E80C93A9DD5599A4764AD2842433B871317452088CC9904444A582F81A3E48972E5DF601BA7621C50770A3E7A633D896A18CE046F8EEE5BBDFCF3D3937F7907C36227C418A0419ED2B72BC82CB3C425CC439ABAA62E003A68DD29CF6F427DC17DA9B12D4BC5C482A03FAE7D82A97E9B7CA1A570B21D972AEE95496FB154B63B8F2659AF2371C9B1D5FFF93C9E87CEE2EE31CAFB5D5EAFBEDC3A3FF9DF2A4D89C2FB81EE01585E2112A30F9AE6679F573827C3BF8A4B08BF88E43D4F10E3AFF923A1A5C37508389B768B256A31958E3AC11D364DD645467AE336FD0B79935D12AB26F64F44CDFB02C74E3280D3315B9FD5198FAD14108CB0C02D3839346619CF7F32889E13A5EE06D74027861960C778B1A4367A4A206DAC93049ED6410FE8EFEBEDD6A15E8E9863DB9FBE9C268F92521BF681AEDBAE454F48B3DFBE4EAD9C7A5B3D6F10FD6ACF11E2A775C0AABF295B157F93AADA7F245F0FE09FBCC2E76D8035467E9B2DFA86EE0A2CF28C31EF7530C08FE17E9702F9E11DB26C73E46E4F7F9843A4F75B29C3519A28028200A8802A28028200A8802A28028200A8802A28028200ACCA2C02D000000FFFF0300504B030414000600080000002100D5E0E1574A0100006502000011000801646F6350726F70732F636F72652E786D6C20A2040128A00001000000000000000000000000000000000000000000000000000000000000000000000000000000000000000000000000000000000000000000000000000000000000000000000000000000000000000000000000000000000000000000000000000000000000000000000000000000000000000000000000000000000000000000000000000000000000000000000000000000000000000000000000000000000000000000000000000000000000000000000000000000000000000000000000000000000000000000000000000000000000000000000000000000000000000000000000000000000000000000000000000000000000000000000000000000007C92514BC3301485DF05FF43C97B9BA4637386B603953D3910AC28BE85E46E2B36694932BBFE7BD376AB1D13212FB9E7DC2FE75E92AC8EAA0CBEC1D8A2D229A21141016851C942EF52F496AFC3250AACE35AF2B2D290A2162C5A65B73789A899A80CBC98AA06E30AB0812769CB449DA2BD7335C3D88A3D286E23EFD05EDC564671E7AF66876B2EBEF80E704CC8022B705C72C771070CEB91884E482946647D30650F900243090AB4B3984614FF7A1D1865FF6CE895895315AEADFD4CA7B853B6148338BA8FB6188D4DD344CDAC8FE1F353FCB1797EED470D0BDDED4A00CA12299830C05D65B2A35F667BD081E5099E94BB1596DCBA8DDFF6B600F9D05E38AF55CFEC4718C020031F8A0D239C95F7D9E353BE46594CE83C248B90CC73BA64F48EC5E4B37BFCA2BF0B3914D429C2BFC4987A5C48494E66AC3BF713E2199025F8EA63643F000000FFFF0300504B03041400060008000000210061490910890100001103000010000801646F6350726F70732F6170702E786D6C20A2040128A00001000000000000000000000000000000000000000000000000000000000000000000000000000000000000000000000000000000000000000000000000000000000000000000000000000000000000000000000000000000000000000000000000000000000000000000000000000000000000000000000000000000000000000000000000000000000000000000000000000000000000000000000000000000000000000000000000000000000000000000000000000000000000000000000000000000000000000000000000000000000000000000000000000000000000000000000000000000000000000000000000000000000000000000000000000000009C92416FDB300C85EF03FA1F0CDD1B39DD500C81AC624857F4B0610192B6674DA663A1B22488AC91ECD78FB6D1D4D97AEA8DE47B78FA4449DD1C3A5FF490D1C55089E5A21405041B6B17F69578D8DD5D7E15059209B5F13140258E80E2465F7C529B1C13647280054704AC444B945652A26DA133B86039B0D2C4DC19E236EF656C1A67E136DA970E02C9ABB2BC9670200835D497E91428A6C4554F1F0DADA31DF8F071774C0CACD5B794BCB386F896FAA7B339626CA8F87EB0E0959C8B8AE9B6605FB2A3A32E959CB76A6B8D873507EBC6780425DF06EA1ECCB0B48D7119B5EA69D583A5980B747F786D57A2F86D10069C4AF4263B1388B106DBD48CB54F48593FC5FC8C2D00A1926C98866339F7CE6BF7452F470317E7C621600261E11C71E7C803FE6A3626D33BC4CB39F1C830F14E38DB816F3A73CE375E994FFA277B1DBB64C2918553F5C385677C48BB786B085ED7793E54DBD664A8F9054EEB3E0DD43D6F32FB2164DD9AB087FAD5F3BF303CFEE3F4C3F5F27A517E2EF95D673325DFFEB2FE0B0000FFFF0300504B01022D0014000600080000002100413782CF6E010000040500001300000000000000000000000000000000005B436F6E74656E745F54797065735D2E786D6C504B01022D0014000600080000002100B5553023F40000004C0200000B00000000000000000000000000A70300005F72656C732F2E72656C73504B01022D0014000600080000002100A94E615AD8020000B40600000F00000000000000000000000000CC060000786C2F776F726B626F6F6B2E786D6C504B01022D0014000600080000002100813E9497F3000000BA0200001A00000000000000000000000000D1090000786C2F5F72656C732F776F726B626F6F6B2E786D6C2E72656C73504B01022D00140006000800000021004AAB2C6216040000D21000001800000000000000000000000000040C0000786C2F776F726B7368656574732F7368656574312E786D6C504B01022D0014000600080000002100753E9969930600008C1A0000130000000000000000000000000050100000786C2F7468656D652F7468656D65312E786D6C504B01022D00140006000800000021001D098D7B15030000150800000D0000000000000000000000000014170000786C2F7374796C65732E786D6C504B01022D0014000600080000002100B966F778E40000008F0100001400000000000000000000000000541A0000786C2F736861726564537472696E67732E786D6C504B01022D00140006000800000021003B6D324BC10000004201000023000000000000000000000000006A1B0000786C2F776F726B7368656574732F5F72656C732F7368656574312E786D6C2E72656C73504B01022D0014000600080000002100CFE047B4C20100002C15000027000000000000000000000000006C1C0000786C2F7072696E74657253657474696E67732F7072696E74657253657474696E6773312E62696E504B01022D0014000600080000002100D5E0E1574A010000650200001100000000000000000000000000731E0000646F6350726F70732F636F72652E786D6C504B01022D00140006000800000021006149091089010000110300001000000000000000000000000000F4200000646F6350726F70732F6170702E786D6C504B0506000000000C000C0026030000B32300000000);
INSERT INTO `file` VALUES ('CILO_template.xlsx', 0x504B03041400060008000000210062EE9D685E01000090040000130008025B436F6E74656E745F54797065735D2E786D6C20A2040228A000020000000000000000000000000000000000000000000000000000000000000000000000000000000000000000000000000000000000000000000000000000000000000000000000000000000000000000000000000000000000000000000000000000000000000000000000000000000000000000000000000000000000000000000000000000000000000000000000000000000000000000000000000000000000000000000000000000000000000000000000000000000000000000000000000000000000000000000000000000000000000000000000000000000000000000000000000000000000000000000000000000000000000000000000000000000000000000000000000000000000000000000000000000000000000000000000000000000000000000000000000000000000000000000000000000000000000000000000000000000000000000000000000000000000000000000000000000000000000000000000000000000000000000000000000000000000000000000000000000000000000000000000000000000000000000000000000000000000000000000000000000000000000000000000000000000000000000000000000000000000000000000000000000000000000000000000000000000000000000000000000000000000000000000000000000000000000000000000000000000000000000AC94CB4EC3301045F748FC43E42D4ADCB2400835ED82C7122A513EC0C493C6AA635B9E6969FF9E89FB1042A1156A37B112CFDC7B32F1CD68B26E6DB68288C6BB520C8B81C8C0555E1B372FC5C7EC25BF171992725A59EFA0141B4031195F5F8D669B009871B7C3523444E1414AAC1A6815163E80E39DDAC75611DFC6B90CAA5AA839C8DBC1E04E56DE1138CAA9D310E3D113D46A69297B5EF3E32D49048B227BDC16765EA550215853296252B972FA974BBE7328B833D5606302DE308690BD0EDDCEDF06BBBE371E4D341AB2A98AF4AA5AC6906B2BBF7C5C7C7ABF288E8BF450FABA3615685F2D5B9E40812182D2D800506B8BB416AD326ECF7DC43F15A34CCBF0C220DDFB25E1131CC4DF1B64BA9E8F90644E18226D2CE0A5C79E444F39372A827EA7C8C9B838C04FED631C7C6EA6D107E40445F8FF14F611E9BAF3C04210C9C021247D87EDE0C8E93B7BECD0E55B83EEF196E97F32FE060000FFFF0300504B030414000600080000002100B5553023F40000004C0200000B0008025F72656C732F2E72656C7320A2040228A000020000000000000000000000000000000000000000000000000000000000000000000000000000000000000000000000000000000000000000000000000000000000000000000000000000000000000000000000000000000000000000000000000000000000000000000000000000000000000000000000000000000000000000000000000000000000000000000000000000000000000000000000000000000000000000000000000000000000000000000000000000000000000000000000000000000000000000000000000000000000000000000000000000000000000000000000000000000000000000000000000000000000000000000000000000000000000000000000000000000000000000000000000000000000000000000000000000000000000000000000000000000000000000000000000000000000000000000000000000000000000000000000000000000000000000000000000000000000000000000000000000000000000000000000000000000000000000000000000000000000000000000000000000000000000000000000000000000000000000000000000000000000000000000000000000000000000000000000000000000000000000000000000000000000000000000000000000000000000000000000000000000000000000000000000000000000000000000000000000000000000000AC924D4FC3300C86EF48FC87C8F7D5DD9010424B774148BB21547E8049DC0FB58DA3241BDDBF271C10541A8303477FBD7EFCCADBDD3C8DEAC821F6E234AC8B12143B23B677AD8697FA7175072A2672964671ACE1C41176D5F5D5F699474A792876BD8F2AABB8A8A14BC9DF2346D3F144B110CF2E571A0913A51C86163D99815AC64D59DE62F8AE01D54253EDAD86B0B737A0EA93CF9B7FD796A6E90D3F88394CECD29915C8736267D9AE7CC86C21F5F91A5553683969B0629E723A22795F646CC0F3449BBF13FD7C2D4E9CC852223412F832CF47C725A0F57F5AB434F1CB9D79C43709C3ABC8F0C9828B1FA8DE010000FFFF0300504B030414000600080000002100B28A7D0AD9020000B40600000F000000786C2F776F726B626F6F6B2E786D6CAC555D6F9B30147D9FB4FF80FC4EB18190804AAAE64BABB44D513F5F22550E38C10A60663B4DAAAAFF7DD71092A679E9DAA1C4C65C383EE7DEC3E5FC625BE4D613938A8B3246E40C238B95894879B98CD1DDEDC4EE214B695AA63417258BD13353E8A2FFFDDBF946C8D55C88950500A58A51A67515398E4A32565075262A564264216441352CE5D251956434551963BAC81D17E3C029282F518310C98F6088C582276C249275C14ADD804896530DF455C62BD5A215C947E00A2A57EBCA4E445101C49CE75C3FD7A0C82A92E86A590A49E739C8DE928EB595F00BE04F300C6EBB13844EB62A782285120B7D06D04E43FA443FC10E214729D89EE6E06348BE23D9133735DCB392C12759057BACE00046F097D10858ABF64A04C9FB245A67CFCD45FDF305CFD97D635D8B56D56F5A984AE5C8CAA9D2E3946B96C6A80B4BB161870BA04AAEABC19AE71075BDD00D91D3DFDB792A6101B5BFCC359325D56C284A0D56DB51FFAAAD6AEC6126C0C4D635FBB3E692C1BB0316023930D224A27335A53AB3D6328FD1309ADD2950382B7B1EC6B311532B2DAAD91BEBD1539FFF83F96862B43BA0B7E1D49CBFD70ED464D41A6CAAA505E757A39F90E41BFA042987C2A6BB37F20A724ABCC7329111797C09BBC118F7BA9E3D19606CFB7E38B2C34977648F3BBDCB49D87307A117BC8218194489A06B9DEDAA69A063E41BFFBD0FFDA2DB364270B4E6E981C60BDE1DB699DF0D6DECD508367DEB9EB38D3AD4DD2CADED032F53B189914D30F4BDE7E3E5A60E3EF05467C6386E07F835D77E30BECC8031713BDD9AB46B98C5E888D1A8613481C336C31123E70DA5BA4302B57AB6CADAD537A66B1268C566AE930C2E8ECC1EF22A257511DBC7129A27536999A9BE317043E2993BD856FF54BA9EC15D1CE8111F5F7671E8DB78EC756CBF17BA76CFF75C7BE88FDC71A73B1E8D071D531FD3E1A3FFD1E76A9347EDA7C3B0CCA8D4B792262BF8E05CB3C5802A30542308F8821F5BD64EFB54FF2F000000FFFF0300504B030414000600080000002100813E9497F3000000BA0200001A000801786C2F5F72656C732F776F726B626F6F6B2E786D6C2E72656C7320A2040128A0000100000000000000000000000000000000000000000000000000000000000000000000000000000000000000000000000000000000000000000000000000000000000000000000000000000000000000000000000000000000000000000000000000000000000000000000000000000000000000000000000000000000000000000000000000000000000000000000000000000000000000000000000000000000000000000000000000000000000000000000000000000000000000000000000000000000000000000000000000000000000000000000000000000000000000000000000000000000000000000000000000000000000000000000000000000000AC524D4BC43010BD0BFE8730779B761511D9742F22EC55EB0F08C9B429DB2621337EF4DF1B2ABA5D58D64B2F036F8679EFCDC776F7350EE20313F5C12BA88A12047A136CEF3B056FCDF3CD030862EDAD1E8247051312ECEAEBABED0B0E9A7313B93E92C82C9E1438E6F828251987A3A62244F4B9D286346ACE3075326A73D01DCA4D59DECBB4E480FA8453ECAD82B4B7B7209A2966E5FFB943DBF6069F82791FD1F31909493C0D7900D1E8D4212BF8C145F608F2BCFC664D79CE6BC1A3FA0CE51CAB4B1EAA353D7C86742087C8471F7F299273E5A299BB55EFE17442FBCA29BFDBF22CCBF4EF66E4C9C7D5DF000000FFFF0300504B030414000600080000002100B9FCCF2A69020000F705000018000000786C2F776F726B7368656574732F7368656574312E786D6C9C944D8F9B301086EF95FA1F2CDF8381906C1785AC368D56DD43A5AA9F67C70CC10AC6D4763E5655FF7BC76643A2268768230286B19F77C6F3C2ECE1A01AB20363A56E0B9A443125D00A5DCA765DD01FDF9F461F28B18EB7256F740B057D014B1FE6EFDFCDF6DA6C6C0DE008125A5BD0DAB92E67CC8A1A14B791EEA0C548A58DE20E6FCD9AD9CE002FC322D5B0348EA74C71D9D29E909B5B18BAAAA480A5165B05ADEB21061AEE307F5BCBCE1E694ADC8253DC6CB6DD4868D52162251BE95E02941225F2E775AB0D5F3558F721C9B8200783478AFFF151263CBF505252186D75E52224B33EE7CBF2EFD93DE362205DD67F1326C998819DF40D3CA1D2B7A5944C06567A828DDF089B0E30BF5D26DFCAB2A07FE2D7DF08AF893FC5A7D331F697CE67A5C40EFBAA8881AAA08F49BEC8289BCF827F7E4AD8DBB331717CF50D1A100E5023A1C4DB73A5F5C64F7CC64731126D98E0895C38B9838FD034055D6072F677D0C0210AB041E17C7C547B0A86FE62480915DF36EEABDE7F02B9AE1DCA665186857AA7E4E5CB12AC408BA27414B04237C8C03351D2BF6AE8307EE87395A5AB0B9AE2BB27B6D669F5AB7F90F86C8605D890B000AFFB3E9E4DA22C4BB2789A4EAEAD64BD62A866C91D9FCF8CDE1374194ADB8EFB7736C97D9BAF258CC27EEA23CEC5122CEEDE6E1ECFD80EB744BCC616E7B16488315419A4107FB3541A444EA090C002094302E97511DFC05BEB19079113A81741C220925D17C1CEDE2C920591F17FDB858441E414EBB7ABF75CDFA58EAFE133376BD95AD240151C744789E94D16473876BAF3BEBAC3BEAFB443C71CEF6AFCC002F6CD7B8E545ABBE38DF7F5F0C99EFF030000FFFF0300504B030414000600080000002100753E9969930600008C1A000013000000786C2F7468656D652F7468656D65312E786D6CEC595B8BDB46147E2FF43F08BD3BBE49B2BDC41B6CD94EDAEC2621EBA4E4716C8FADC98E344633DE8D0981923CF5A550484B5F0A7DEB43290D34D0D097FE98858436FD113D3392AD99F5389BCBA6B4256B58A4D177CE7C73CED137175DBC742FA6CE114E396149DBAD5EA8B80E4EC66C429259DBBD351C949AAEC3054A2688B204B7DD25E6EEA5DD8F3FBA8876448463EC807DC27750DB8D8498EF94CB7C0CCD885F60739CC0B3294B6324E0369D9527293A06BF312DD72A95A01C2392B84E8262707B7D3A2563EC0CA54B7777E5BC4FE136115C368C697A205D63C3426127875589E04B1ED2D43942B4ED423F13763CC4F784EB50C4053C68BB15F5E796772F96D14E6E44C5165BCD6EA0FE72BBDC607258537DA6B3D1BA53CFF3BDA0B3F6AF00546CE2FA8D7ED00FD6FE14008DC730D28C8BEED3EFB6BA3D3FC76AA0ECD2E2BBD7E8D5AB065EF35FDFE0DCF1E5CFC02B50E6DFDBC00F062144D1C02B5086F72D3169D442CFC02B50860F36F08D4AA7E7350CBC02459424871BE88A1FD4C3D568D79029A357ACF096EF0D1AB5DC7981826A585797EC62CA12B1ADD6627497A5030048204582248E58CEF1148DA18A4344C92825CE1E994550787394300ECD955A6550A9C37FF9F3D4958A08DAC148B396BC8009DF68927C1C3E4EC95CB4DD4FC1ABAB419E3F7B76F2F0E9C9C35F4F1E3D3A79F873DEB77265D85D41C94CB77BF9C3577F7DF7B9F3E72FDFBF7CFC75D6F5693CD7F12F7EFAE2C56FBFBFCA3D8CB808C5F36F9EBC78FAE4F9B75FFEF1E3638BF74E8A463A7C4862CC9D6BF8D8B9C96218A0853F1EA56F66318C10312C5004BE2DAEFB223280D79688DA705D6C86F0760A2A63035E5EDC35B81E44E942104BCF57A3D800EE3346BB2CB506E0AAEC4B8BF07091CCEC9DA70B1D7713A1235BDF214A8C04F71773905762731946D8A07983A244A0194EB070E4337688B16574770831E2BA4FC629E36C2A9C3BC4E922620DC9908C8C422A8CAE9018F2B2B41184541BB1D9BFED7419B58DBA878F4C24BC16885AC80F3135C278192D048A6D2E8728A67AC0F790886C240F96E958C7F5B9804CCF30654E7F8239B7D95C4F61BC5AD2AF82C2D8D3BE4F97B1894C0539B4F9DC438CE9C81E3B0C2314CFAD9C4912E9D84FF8219428726E306183EF33F30D91F79007946C4DF76D828D749F2D04B7405C754A4581C8278BD492CBCB9899EFE3924E11562A03DA6F487A4C9233F5FD94B2FBFF8CB2DB35FA1C34DDEEF85DD4BC9312EB3B75E594866FC3FD0795BB8716C90D0C2FCBE6CCF541B83F08B7FBBF17EE6DEFF2F9CB75A1D020DEC55A5DADDCE3AD0BF729A1F4402C29DEE36AEDCE615E9A0CA0516D2AD4CE72BD919B4770996F130CDC2C45CAC64999F88C88E820427358E057D53674C673D733EECC198775BF6A561B627CCAB7DA3D2CE27D36C9F6ABD5AADC9B66E2C19128DA2BFEBA1DF61A2243078D620FB676AF76B533B5575E1190B66F4242EBCC2451B79068AC1A210BAF22A146762E2C5A16164DE97E95AA5516D7A1006AEBACC0C2C981E556DBF5BDEC1C00B65488E289CC537624B0CAAE4CCEB9667A5B30A95E01B08A58554091E996E4BA7578727459A9BD46A60D125AB99924B4328CD004E7D5A91F9C9C67AE5B454A0D7A3214ABB7A1A0D168BE8F5C4B1139A50D34D1958226CE71DB0DEA3E9C8D8DD1BCED4E61DF0F97F11C6A87CB052FA233383C1B8B347BE1DF4659E629173DC4A32CE04A7432358889C0A94349DC76E5F0D7D54013A5218A5BB50682F0AF25D70259F9B79183A49B49C6D3291E0B3DED5A8B8C74760B0A9F6985F5A9327F7BB0B4640B48F741343976467491DE4450627EA32A0338211C8E7FAA59342704CE33D74256D4DFA98929975DFD4051D550D68EE83C42F98CA28B79065722BAA6A3EED631D0EEF23143403743389AC909F69D67DDB3A76A19394D348B39D35015396BDAC5F4FD4DF21AAB6212355865D2ADB60DBCD0BAD64AEBA050ADB3C419B3EE6B4C081AB5A233839A64BC29C352B3F35693DA392E08B448045BE2B69E23AC9178DB991FEC4E57AD9C2056EB4A55F8EAC387FE6D828DEE8278F4E01478410557A9842F0F2982455F768E9CC906BC22F744BE46842B679192B67BBFE277BCB0E687A54AD3EF97BCBA572935FD4EBDD4F1FD7AB5EF572BBD6EED014C2C228AAB7EF6D16500075174997F7A51ED1B9F5FE2D559DB85318BCB4C7D5E292BE2EAF34BB5B6FDF38B434074EE07B541ABDEEA06A556BD332879BD6EB3D40A836EA917848DDEA017FACDD6E081EB1C29B0D7A9875ED06F96826A1896BCA022E9375BA58657AB75BC46A7D9F73A0FF2650C8C3C938F3C16105EC56BF76F000000FFFF0300504B03041400060008000000210079A1806CA4020000520600000D000000786C2F7374796C65732E786D6CA4556D6BDB3010FE3ED87F10FAEECA76E32C09B6CBD2D450E8C6A01DECAB62CB89A85E8C2467CEC6FEFB4E765E1C3AB6D17E894EE7D373CFDD7352D29B4E0AB463C672AD321C5D85183155EA8AAB4D86BF3E15C10C23EBA8AAA8D08A6578CF2CBEC9DFBF4BADDB0BF6B865CC21805036C35BE79A0521B6DC3249ED956E98822FB536923AD89A0DB18D61B4B2FE9014240EC32991942B3C202C64F93F20929AE7B6094A2D1BEAF89A0BEEF63D1646B25CDC6F9436742D806A174D6889BA686A62D4996392DEFB228FE4A5D156D7EE0A7089AE6B5EB29774E7644E68794602E4D721450909E38BDA3BF34AA409316CC7BD7C384F6BAD9C45A56E95033181A86FC1E259E9EFAAF09FBC7388CA53FB03EDA8004F84499E965A68831C48079DEB3D8A4A3644DC52C1D786FBB09A4A2EF6833BF68E5EED439CE4D07BEF249EC761B170880B7162157B02E0C85390CF31A30AD8A083FDB46F20BD82491B60FAB87F446F0CDD4771323A40FA8479BAD6A682C93EF7E3E8CA53C16A07440DDF6CFDEA7403BF6BED1CA89FA715A71BADA8F0A50C202703CA2999108F7EFABFD517D85D8D542B0BE9EEAB0CC33DF24D389A50C8C11CF0868DC71FA30DD86F86455D7D890F8823DA17A44FE991D73BC39FFD751530390708B46EB9705CFD81306056DDB905A157C0F9ABD737E794053A51B19AB6C23D9D3E66F86C7F62156F657C8AFAC277DAF510193EDB0F5EA968EA73B0CE3D58182F58516B78867FDE2D3FCC5777451CCCC2E52C985CB3249827CB55904C6E97AB55310FE3F0F6D7E80178C3F5EFDFAB3C858BB5B0021E097328F650E2E3D997E1D166A0DFCF28D01E739FC7D3F063128541711D46C1644A67C16C7A9D044512C5ABE964799714C9887BF2CA67222451343C389E7CB2705C32C1D551ABA342632F8804DBBF14418E4A90F39F41FE1B0000FFFF0300504B030414000600080000002100E5243A14B80000002101000014000000786C2F736861726564537472696E67732E786D6C74CFC10AC2301004D0BBE03F84BD6BAAA28824F1200882E045CF12DAD5069A4DED6E45FFDE8A8882789C79CC61CCF2162B75C58643220BA361060A294F45A0B385C37E3D988362F154F82A115AB823C3D2F57B865954B725B6508AD40BAD392F317A1EA61AA993536AA2972E3667CD7583BEE0125162A5C75936D3D1070295A796C4C214544BE1D2E2EA9D9DE1E08CB8D566BB3B062AF066B438A39FED97E48904497EEC55ABD13F98FC83F1077477D13D000000FFFF0300504B030414000600080000002100ECB78F1E4A0100006502000011000801646F6350726F70732F636F72652E786D6C20A2040128A00001000000000000000000000000000000000000000000000000000000000000000000000000000000000000000000000000000000000000000000000000000000000000000000000000000000000000000000000000000000000000000000000000000000000000000000000000000000000000000000000000000000000000000000000000000000000000000000000000000000000000000000000000000000000000000000000000000000000000000000000000000000000000000000000000000000000000000000000000000000000000000000000000000000000000000000000000000000000000000000000000000000000000000000000000000000007C925F6B833014C5DF07FB0E92774D62E91F825AD8469F5618CCB1B1B790DCB63213254967FDF68BDA3A4BC71E73CFC92FE75C92AC4FAA0CBEC1D8A2D229A21141016851C942EF53F4966FC2150AACE35AF2B2D290A2162C5A67F77789A899A80CBC98AA06E30AB0812769CB449DA2837335C3D88A03286E23EFD05EDC554671E78F668F6B2EBEF81E704CC8022B705C72C771070CEB9188CE482946647D34650F900243090AB4B3984614FF7A1D1865FFBCD02B13A72A5C5BFB4EE7B853B6148338BA4FB6188D4DD344CDAC8FE1F353FCB17D7EEDAB8685EE7625006589144C18E0AE32D9C92FB33DEAC0F2044FC6DD0A4B6EDDD66F7B57807C68AF9CB7AA67F6150630C8C0876243858BF23E7B7CCA37288B099D87641192794E578C2E594C3EBBC7AFEE772187813A47F89718538F0BC932A773162F18994D88174096E09B8F91FD000000FFFF0300504B03041400060008000000210061490910890100001103000010000801646F6350726F70732F6170702E786D6C20A2040128A00001000000000000000000000000000000000000000000000000000000000000000000000000000000000000000000000000000000000000000000000000000000000000000000000000000000000000000000000000000000000000000000000000000000000000000000000000000000000000000000000000000000000000000000000000000000000000000000000000000000000000000000000000000000000000000000000000000000000000000000000000000000000000000000000000000000000000000000000000000000000000000000000000000000000000000000000000000000000000000000000000000000000000000000000000000000009C92416FDB300C85EF03FA1F0CDD1B39DD500C81AC624857F4B0610192B6674DA663A1B22488AC91ECD78FB6D1D4D97AEA8DE47B78FA4449DD1C3A5FF490D1C55089E5A21405041B6B17F69578D8DD5D7E15059209B5F13140258E80E2465F7C529B1C13647280054704AC444B945652A26DA133B86039B0D2C4DC19E236EF656C1A67E136DA970E02C9ABB2BC9670200835D497E91428A6C4554F1F0DADA31DF8F071774C0CACD5B794BCB386F896FAA7B339626CA8F87EB0E0959C8B8AE9B6605FB2A3A32E959CB76A6B8D873507EBC6780425DF06EA1ECCB0B48D7119B5EA69D583A5980B747F786D57A2F86D10069C4AF4263B1388B106DBD48CB54F48593FC5FC8C2D00A1926C98866339F7CE6BF7452F470317E7C621600261E11C71E7C803FE6A3626D33BC4CB39F1C830F14E38DB816F3A73CE375E994FFA277B1DBB64C2918553F5C385677C48BB786B085ED7793E54DBD664A8F9054EEB3E0DD43D6F32FB2164DD9AB087FAD5F3BF303CFEE3F4C3F5F27A517E2EF95D673325DFFEB2FE0B0000FFFF0300504B01022D001400060008000000210062EE9D685E010000900400001300000000000000000000000000000000005B436F6E74656E745F54797065735D2E786D6C504B01022D0014000600080000002100B5553023F40000004C0200000B00000000000000000000000000970300005F72656C732F2E72656C73504B01022D0014000600080000002100B28A7D0AD9020000B40600000F00000000000000000000000000BC060000786C2F776F726B626F6F6B2E786D6C504B01022D0014000600080000002100813E9497F3000000BA0200001A00000000000000000000000000C2090000786C2F5F72656C732F776F726B626F6F6B2E786D6C2E72656C73504B01022D0014000600080000002100B9FCCF2A69020000F70500001800000000000000000000000000F50B0000786C2F776F726B7368656574732F7368656574312E786D6C504B01022D0014000600080000002100753E9969930600008C1A00001300000000000000000000000000940E0000786C2F7468656D652F7468656D65312E786D6C504B01022D001400060008000000210079A1806CA4020000520600000D0000000000000000000000000058150000786C2F7374796C65732E786D6C504B01022D0014000600080000002100E5243A14B800000021010000140000000000000000000000000027180000786C2F736861726564537472696E67732E786D6C504B01022D0014000600080000002100ECB78F1E4A01000065020000110000000000000000000000000011190000646F6350726F70732F636F72652E786D6C504B01022D00140006000800000021006149091089010000110300001000000000000000000000000000921B0000646F6350726F70732F6170702E786D6C504B0506000000000A000A0080020000511E00000000);

-- ----------------------------
-- Table structure for grades
-- ----------------------------
DROP TABLE IF EXISTS `grades`;
CREATE TABLE `grades`  (
  `stuid` varchar(20) CHARACTER SET utf8 COLLATE utf8_general_ci NOT NULL,
  `course_code` varchar(20) CHARACTER SET utf8 COLLATE utf8_general_ci NOT NULL,
  `ass_method` varchar(50) CHARACTER SET utf8 COLLATE utf8_general_ci NOT NULL,
  `partial_score` float NULL DEFAULT NULL,
  PRIMARY KEY (`stuid`, `course_code`, `ass_method`) USING BTREE,
  INDEX `course_code`(`course_code`) USING BTREE,
  CONSTRAINT `grades_ibfk_1` FOREIGN KEY (`stuid`) REFERENCES `students` (`stuid`) ON DELETE RESTRICT ON UPDATE RESTRICT,
  CONSTRAINT `grades_ibfk_2` FOREIGN KEY (`course_code`) REFERENCES `courses` (`course_code`) ON DELETE RESTRICT ON UPDATE RESTRICT
) ENGINE = InnoDB CHARACTER SET = utf8 COLLATE = utf8_general_ci ROW_FORMAT = Dynamic;

-- ----------------------------
-- Records of grades
-- ----------------------------
INSERT INTO `grades` VALUES ('1400000001', 'CS002', 'final', 35);
INSERT INTO `grades` VALUES ('1400000001', 'CS002', 'lab', 12);
INSERT INTO `grades` VALUES ('1400000001', 'CS002', 'project', 19);
INSERT INTO `grades` VALUES ('1400000001', 'CS002', 'quiz', 15);
INSERT INTO `grades` VALUES ('1400000002', 'CS003', 'final', 40);
INSERT INTO `grades` VALUES ('1400000002', 'CS003', 'lab', 21);
INSERT INTO `grades` VALUES ('1400000002', 'CS003', 'project', 16);
INSERT INTO `grades` VALUES ('1400000003', 'CS003', 'final', 46);
INSERT INTO `grades` VALUES ('1400000003', 'CS003', 'lab', 27);
INSERT INTO `grades` VALUES ('1400000003', 'CS003', 'project', 16);
INSERT INTO `grades` VALUES ('1400000003', 'FE001', 'assignment', 45);
INSERT INTO `grades` VALUES ('1400000003', 'FE001', 'final', 32);
INSERT INTO `grades` VALUES ('1400000003', 'FE001', 'midterm', 8);
INSERT INTO `grades` VALUES ('1400026004', 'CS102', 'lab', 45);
INSERT INTO `grades` VALUES ('1400026004', 'CS102', 'project', 18);
INSERT INTO `grades` VALUES ('1400026004', 'CS102', 'quiz', 25);
INSERT INTO `grades` VALUES ('1700026001', 'CS103', 'lab', 25);
INSERT INTO `grades` VALUES ('1700026001', 'CS103', 'pre', 15);
INSERT INTO `grades` VALUES ('1700026001', 'CS103', 'project', 40);
INSERT INTO `grades` VALUES ('1700026002', 'CS201', 'assignemnt', 36);
INSERT INTO `grades` VALUES ('1700026002', 'CS201', 'final', 45);
INSERT INTO `grades` VALUES ('1700026002', 'ENG001', 'final', 46);
INSERT INTO `grades` VALUES ('1700026002', 'ENG001', 'quiz', 25);
INSERT INTO `grades` VALUES ('1700026002', 'ENG001', 'writing assignment', 15);
INSERT INTO `grades` VALUES ('1700026002', 'ENG002', 'assignment', 25);
INSERT INTO `grades` VALUES ('1700026002', 'ENG002', 'final', 29);
INSERT INTO `grades` VALUES ('1700026002', 'ENG002', 'quiz', 25);
INSERT INTO `grades` VALUES ('1700026002', 'ENG003', 'discussion', 15);
INSERT INTO `grades` VALUES ('1700026002', 'ENG003', 'final', 38);
INSERT INTO `grades` VALUES ('1700026002', 'ENG003', 'quiz', 9);
INSERT INTO `grades` VALUES ('1700026002', 'ENG003', 'writing', 16);
INSERT INTO `grades` VALUES ('1700026002', 'FE002', 'assignment', 25);
INSERT INTO `grades` VALUES ('1700026002', 'FE002', 'attendance', 5);
INSERT INTO `grades` VALUES ('1700026002', 'FE002', 'final', 48);
INSERT INTO `grades` VALUES ('1700026002', 'FE002', 'midterm', 14);
INSERT INTO `grades` VALUES ('1830026041', 'CS001', 'assignment', 40);
INSERT INTO `grades` VALUES ('1830026041', 'CS001', 'final', 39);
INSERT INTO `grades` VALUES ('1830026041', 'CS001', 'quiz', 19);
INSERT INTO `grades` VALUES ('1830026041', 'CS104', 'document', 50);
INSERT INTO `grades` VALUES ('1830026041', 'CS104', 'project', 49);
INSERT INTO `grades` VALUES ('1830026097', 'CS001', 'assignment', 25);
INSERT INTO `grades` VALUES ('1830026097', 'CS001', 'final', 30);
INSERT INTO `grades` VALUES ('1830026097', 'CS001', 'quiz', 18);
INSERT INTO `grades` VALUES ('1830026097', 'CS104', 'document', 48);
INSERT INTO `grades` VALUES ('1830026097', 'CS104', 'project', 49);

-- ----------------------------
-- Table structure for lecturers
-- ----------------------------
DROP TABLE IF EXISTS `lecturers`;
CREATE TABLE `lecturers`  (
  `nickname` varchar(20) CHARACTER SET utf8 COLLATE utf8_general_ci NULL DEFAULT NULL,
  `password` varchar(100) CHARACTER SET utf8 COLLATE utf8_general_ci NOT NULL,
  `englishname` varchar(100) CHARACTER SET utf8 COLLATE utf8_general_ci NULL DEFAULT NULL,
  `phone` varchar(11) CHARACTER SET utf8 COLLATE utf8_general_ci NULL DEFAULT NULL,
  `email` varchar(50) CHARACTER SET utf8 COLLATE utf8_general_ci NULL DEFAULT NULL,
  `avatar` blob NULL,
  `program` varchar(20) CHARACTER SET utf8 COLLATE utf8_general_ci NULL DEFAULT NULL,
  `staffid` varchar(20) CHARACTER SET utf8 COLLATE utf8_general_ci NOT NULL,
  `designAuth` int(11) NULL DEFAULT NULL,
  `gender` varchar(10) CHARACTER SET utf8 COLLATE utf8_general_ci NULL DEFAULT NULL,
  `staffHonor` varchar(20) CHARACTER SET utf8 COLLATE utf8_general_ci NULL DEFAULT NULL,
  PRIMARY KEY (`staffid`) USING BTREE,
  UNIQUE INDEX `nickname`(`nickname`) USING BTREE,
  UNIQUE INDEX `phone`(`phone`) USING BTREE,
  UNIQUE INDEX `email`(`email`) USING BTREE
) ENGINE = InnoDB CHARACTER SET = utf8 COLLATE = utf8_general_ci ROW_FORMAT = Dynamic;

-- ----------------------------
-- Records of lecturers
-- ----------------------------
INSERT INTO `lecturers` VALUES ('Yun MA', 'pbkdf2:sha256:150000$v7AWSzaS$4447922fe1acbfd5a79c05fa09b8fb8e601350cc7bb58258a8478799c1d6973c', 'Jack', '11112', 'jackma@mail.uic.edu.cn', NULL, 'ELC', 'jackma', 1, 'Male', 'Mr.');
INSERT INTO `lecturers` VALUES ('Xin Feng', 'pbkdf2:sha256:150000$A6nGiZlq$62c37b121e060e25d45ecf16c9d9e233eccb7493fea77de726864044335b7bdc', 'Judy', '1111131', 'xinfeng@mail.uic.edu.cn', NULL, 'CST', 'judyfeng', 1, 'Female', 'Dr.');
INSERT INTO `lecturers` VALUES ('Yingran MA', 'pbkdf2:sha256:150000$23fABGZm$7ff16e1862a5b5202f3c1182c21ac87fdce10a5c0ed194e141ef6dd56fb9d4b6', 'Nina', '1111', 'nina@mail.uic.edu.cn', NULL, 'CST', 'ninama', 0, 'Female', 'Ms.');
INSERT INTO `lecturers` VALUES ('Weifeng SU', 'pbkdf2:sha256:150000$y4L9zGBF$aaa6d87d342438efbe865bd95db34d30cce615e374c2f2fbc3771843949ea980', 'Weifeng', '111', 'wfsu@mail.uic.edu.cn', NULL, 'CST', 'wfsu', 1, 'Male', 'Prof.');

-- ----------------------------
-- Table structure for pre
-- ----------------------------
DROP TABLE IF EXISTS `pre`;
CREATE TABLE `pre`  (
  `post_course` varchar(20) CHARACTER SET utf8 COLLATE utf8_general_ci NOT NULL,
  `post_cilo_index` int(11) NOT NULL,
  `pre_course` varchar(20) CHARACTER SET utf8 COLLATE utf8_general_ci NOT NULL,
  `pre_cilo_index` int(11) NOT NULL,
  `type` int(11) NOT NULL,
  PRIMARY KEY (`post_course`, `pre_course`, `post_cilo_index`, `pre_cilo_index`) USING BTREE,
  INDEX `pre_course`(`pre_course`) USING BTREE,
  CONSTRAINT `pre_ibfk_1` FOREIGN KEY (`post_course`) REFERENCES `courses` (`course_code`) ON DELETE RESTRICT ON UPDATE RESTRICT,
  CONSTRAINT `pre_ibfk_2` FOREIGN KEY (`pre_course`) REFERENCES `courses` (`course_code`) ON DELETE RESTRICT ON UPDATE RESTRICT
) ENGINE = InnoDB CHARACTER SET = utf8 COLLATE = utf8_general_ci ROW_FORMAT = Dynamic;

-- ----------------------------
-- Records of pre
-- ----------------------------
INSERT INTO `pre` VALUES ('CS003', 1, 'CS002', 1, 1);
INSERT INTO `pre` VALUES ('CS003', 2, 'CS002', 2, 2);
INSERT INTO `pre` VALUES ('CS102', 1, 'CS002', 1, 1);
INSERT INTO `pre` VALUES ('CS102', 1, 'CS003', 1, 1);
INSERT INTO `pre` VALUES ('CS103', 1, 'CS102', 1, 1);
INSERT INTO `pre` VALUES ('CS103', 2, 'CS102', 2, 2);
INSERT INTO `pre` VALUES ('CS103', 3, 'CS102', 3, 3);
INSERT INTO `pre` VALUES ('CS104', 2, 'CS103', 1, 1);
INSERT INTO `pre` VALUES ('CS104', 2, 'CS201', 3, 2);
INSERT INTO `pre` VALUES ('CS104', 1, 'ENG001', 1, 3);
INSERT INTO `pre` VALUES ('CS104', 1, 'ENG002', 1, 3);
INSERT INTO `pre` VALUES ('CS104', 1, 'ENG003', 1, 3);
INSERT INTO `pre` VALUES ('CS201', 2, 'CS001', 1, 2);
INSERT INTO `pre` VALUES ('CS201', 2, 'CS001', 2, 1);
INSERT INTO `pre` VALUES ('CS201', 3, 'CS002', 2, 3);
INSERT INTO `pre` VALUES ('ENG002', 1, 'ENG001', 1, 1);
INSERT INTO `pre` VALUES ('ENG002', 2, 'ENG001', 2, 2);
INSERT INTO `pre` VALUES ('ENG002', 3, 'ENG001', 3, 3);
INSERT INTO `pre` VALUES ('ENG003', 1, 'ENG002', 1, 1);
INSERT INTO `pre` VALUES ('ENG003', 2, 'ENG002', 3, 3);
INSERT INTO `pre` VALUES ('ENG003', 3, 'ENG002', 2, 2);

-- ----------------------------
-- Table structure for semescilo
-- ----------------------------
DROP TABLE IF EXISTS `semescilo`;
CREATE TABLE `semescilo`  (
  `course_code` varchar(20) CHARACTER SET utf8 COLLATE utf8_general_ci NOT NULL,
  `year` varchar(20) CHARACTER SET utf8 COLLATE utf8_general_ci NOT NULL,
  `semester` int(11) NOT NULL,
  `cilo_index` int(11) NOT NULL,
  `semes_cilo_score` float NULL DEFAULT NULL,
  PRIMARY KEY (`course_code`, `year`, `semester`, `cilo_index`) USING BTREE,
  CONSTRAINT `semescilo_ibfk_1` FOREIGN KEY (`course_code`) REFERENCES `courses` (`course_code`) ON DELETE RESTRICT ON UPDATE RESTRICT
) ENGINE = InnoDB CHARACTER SET = utf8 COLLATE = utf8_general_ci ROW_FORMAT = Dynamic;

-- ----------------------------
-- Records of semescilo
-- ----------------------------

-- ----------------------------
-- Table structure for students
-- ----------------------------
DROP TABLE IF EXISTS `students`;
CREATE TABLE `students`  (
  `nickname` varchar(20) CHARACTER SET utf8 COLLATE utf8_general_ci NULL DEFAULT NULL,
  `password` varchar(100) CHARACTER SET utf8 COLLATE utf8_general_ci NOT NULL,
  `englishname` varchar(100) CHARACTER SET utf8 COLLATE utf8_general_ci NULL DEFAULT NULL,
  `phone` varchar(11) CHARACTER SET utf8 COLLATE utf8_general_ci NULL DEFAULT NULL,
  `email` varchar(50) CHARACTER SET utf8 COLLATE utf8_general_ci NULL DEFAULT NULL,
  `avatar` blob NULL,
  `program` varchar(20) CHARACTER SET utf8 COLLATE utf8_general_ci NULL DEFAULT NULL,
  `stuid` varchar(20) CHARACTER SET utf8 COLLATE utf8_general_ci NOT NULL,
  `register_year` int(11) NOT NULL,
  `gender` varchar(10) CHARACTER SET utf8 COLLATE utf8_general_ci NULL DEFAULT NULL,
  PRIMARY KEY (`stuid`) USING BTREE,
  UNIQUE INDEX `nickname`(`nickname`) USING BTREE,
  UNIQUE INDEX `phone`(`phone`) USING BTREE,
  UNIQUE INDEX `email`(`email`) USING BTREE
) ENGINE = InnoDB CHARACTER SET = utf8 COLLATE = utf8_general_ci ROW_FORMAT = Dynamic;

-- ----------------------------
-- Records of students
-- ----------------------------
INSERT INTO `students` VALUES ('Student1', 'pbkdf2:sha256:150000$7dtQXODM$7db72c8584f6eeac1727072eff5fb53385148d4564cddd30db03a6221890c950', 'Jack', '122', 'x400000001@mail.uic.edu.cn', NULL, 'ACCT', '1400000001', 2014, 'Male');
INSERT INTO `students` VALUES ('Student2', 'pbkdf2:sha256:150000$cVR00cyF$69c5607c12b291e59119020d937835e868655ad58e2770af2761709efe7c6d0f', 'Jackie', '123', 'x400000002@mail.uic.edu.cn', NULL, 'ACCT', '1400000002', 2014, 'Male');
INSERT INTO `students` VALUES ('Student3', 'pbkdf2:sha256:150000$4fPLtOEj$8ba66fd5c169d99dc3d5f8cf117f2fc2849085ecd6a10b1d0b5ca148c8f78a09', 'Jackiee', '1234', 'x400000003@mail.uic.edu.cn', NULL, 'ACCT', '1400000003', 2014, 'Male');
INSERT INTO `students` VALUES ('Student4', 'pbkdf2:sha256:150000$fMqvFfJO$d4c74714e35d4ee35bab679625f2f20d6b836271cffed3ec8c5d3b259b0caa7d', 'Jackiee', '12342', 'x400026004@mail.uic.edu.cn', NULL, 'CST', '1400026004', 2014, 'Male');
INSERT INTO `students` VALUES ('Student5', 'pbkdf2:sha256:150000$tk8bq8NG$90df48186798fd9bdb363ad58a0151fc10e292f9960541a22c166209370db402', 'Jackiee3', '1234231', 'x400026005@mail.uic.edu.cn', NULL, 'CST', '1400026005', 2014, 'Female');
INSERT INTO `students` VALUES ('Student10', 'pbkdf2:sha256:150000$WypdGNNh$0a05579178196cfd93e2265c856709c95681f93c0c208b900e2ceee5d0c98aaf', 'Mary', '12342312', 'm730026001@mail.uic.edu.cn', NULL, 'CST', '1700026001', 2017, 'Female');
INSERT INTO `students` VALUES ('Student11', 'pbkdf2:sha256:150000$G6fBJsu3$85eedee11bcc87c9ea60140fbda523651ee51ded9e47fecf99f280881268138b', 'Maggie', '123423123', 'm730026002@mail.uic.edu.cn', NULL, 'CST', '1700026002', 2017, 'Female');
INSERT INTO `students` VALUES ('Mingxuan HU', 'pbkdf2:sha256:150000$CrlGPp8L$3abba8973acc5cba300b487e9b5bd1abda24629072ed062b4ef67932df827023', 'Fay', '111', 'n830026041@mail.uic.edu.cn', NULL, 'CST', '1830026041', 2018, 'Female');
INSERT INTO `students` VALUES ('Xingyun SA', 'pbkdf2:sha256:150000$Wz2sNmZH$1e157698a7f82982b3d2d589d28d7bb6b1529fa26895eafd1fa2d65d7919dcfc', 'Saxon', '15206902190', 'n830026097@mail.uic.edu.cn', NULL, 'CST', '1830026097', 2018, 'Male');

-- ----------------------------
-- Table structure for taken
-- ----------------------------
DROP TABLE IF EXISTS `taken`;
CREATE TABLE `taken`  (
  `stuid` varchar(20) CHARACTER SET utf8 COLLATE utf8_general_ci NOT NULL,
  `course_code` varchar(20) CHARACTER SET utf8 COLLATE utf8_general_ci NOT NULL,
  `year` varchar(20) CHARACTER SET utf8 COLLATE utf8_general_ci NULL DEFAULT NULL,
  `semester` int(11) NULL DEFAULT NULL,
  `total_score` float NULL DEFAULT NULL,
  PRIMARY KEY (`stuid`, `course_code`) USING BTREE,
  INDEX `course_code`(`course_code`) USING BTREE,
  CONSTRAINT `taken_ibfk_1` FOREIGN KEY (`stuid`) REFERENCES `students` (`stuid`) ON DELETE RESTRICT ON UPDATE RESTRICT,
  CONSTRAINT `taken_ibfk_2` FOREIGN KEY (`course_code`) REFERENCES `courses` (`course_code`) ON DELETE RESTRICT ON UPDATE RESTRICT
) ENGINE = InnoDB CHARACTER SET = utf8 COLLATE = utf8_general_ci ROW_FORMAT = Dynamic;

-- ----------------------------
-- Records of taken
-- ----------------------------
INSERT INTO `taken` VALUES ('1400000001', 'CS002', '2014', NULL, NULL);
INSERT INTO `taken` VALUES ('1400000002', 'CS003', '2014', NULL, NULL);
INSERT INTO `taken` VALUES ('1400000003', 'CS003', '2015', NULL, NULL);
INSERT INTO `taken` VALUES ('1400000003', 'FE001', '2015', NULL, NULL);
INSERT INTO `taken` VALUES ('1400026004', 'CS102', '2014', NULL, NULL);
INSERT INTO `taken` VALUES ('1700026001', 'CS103', '2018', NULL, NULL);
INSERT INTO `taken` VALUES ('1700026002', 'CS201', '2018', NULL, NULL);
INSERT INTO `taken` VALUES ('1700026002', 'ENG001', '2017', NULL, NULL);
INSERT INTO `taken` VALUES ('1700026002', 'ENG002', '2018', NULL, NULL);
INSERT INTO `taken` VALUES ('1700026002', 'ENG003', '2019', NULL, NULL);
INSERT INTO `taken` VALUES ('1700026002', 'FE002', '2016', NULL, NULL);
INSERT INTO `taken` VALUES ('1830026041', 'CS001', '2020', NULL, NULL);
INSERT INTO `taken` VALUES ('1830026041', 'CS104', '2020', NULL, NULL);
INSERT INTO `taken` VALUES ('1830026097', 'CS001', '2019', NULL, NULL);
INSERT INTO `taken` VALUES ('1830026097', 'CS104', '2019', NULL, NULL);

-- ----------------------------
-- Table structure for unicilo
-- ----------------------------
DROP TABLE IF EXISTS `unicilo`;
CREATE TABLE `unicilo`  (
  `stuid` varchar(20) CHARACTER SET utf8 COLLATE utf8_general_ci NOT NULL,
  `course_code` varchar(20) CHARACTER SET utf8 COLLATE utf8_general_ci NOT NULL,
  `cilo_index` int(11) NOT NULL,
  `cilo_performance` float NULL DEFAULT NULL,
  PRIMARY KEY (`stuid`, `course_code`, `cilo_index`) USING BTREE,
  INDEX `course_code`(`course_code`) USING BTREE,
  CONSTRAINT `unicilo_ibfk_1` FOREIGN KEY (`stuid`) REFERENCES `students` (`stuid`) ON DELETE RESTRICT ON UPDATE RESTRICT,
  CONSTRAINT `unicilo_ibfk_2` FOREIGN KEY (`course_code`) REFERENCES `courses` (`course_code`) ON DELETE RESTRICT ON UPDATE RESTRICT
) ENGINE = InnoDB CHARACTER SET = utf8 COLLATE = utf8_general_ci ROW_FORMAT = Dynamic;

-- ----------------------------
-- Records of unicilo
-- ----------------------------

SET FOREIGN_KEY_CHECKS = 1;
